{"cameraMode":{"drawMode":0,"name":"Shaded","section":"Shading Mode"},"sceneLighting":true,"audioPlay":false,"sceneViewState":{"m_AlwaysRefresh":false,"showFog":true,"showSkybox":true,"showFlares":true,"showImageEffects":true,"showParticleSystems":true,"showVisualEffectGraphs":true,"m_FxEnabled":true},"in2DMode":false,"pivot":{"x":-9.469427108764649,"y":-1.4963008165359498,"z":-0.15665844082832337},"rotation":{"x":-0.1873335987329483,"y":0.1531272679567337,"z":-0.029578017070889474,"w":-0.9698381423950195},"size":16.531869888305665,"orthographic":false}