{"cameraMode":{"drawMode":0,"name":"Shaded","section":"Shading Mode"},"sceneLighting":true,"audioPlay":false,"sceneViewState":{"m_AlwaysRefresh":false,"showFog":true,"showSkybox":true,"showFlares":true,"showImageEffects":true,"showParticleSystems":true,"showVisualEffectGraphs":true,"m_FxEnabled":true},"in2DMode":false,"pivot":{"x":1.4714542627334595,"y":1.217522144317627,"z":4.445496082305908},"rotation":{"x":-0.10201726853847504,"y":-0.047137241810560229,"z":0.004841746296733618,"w":-0.9936581254005432},"size":6.651610851287842,"orthographic":false}